y_test,LogReg,NaiveBayes,RandomForest
1,1,1,1
0,0,0,0
0,0,0,0
1,1,1,1
0,0,0,0
0,1,1,1
1,0,0,0
0,0,0,0
1,1,1,1
1,1,1,1
1,1,1,1
1,0,0,0
1,1,1,1
1,1,1,1
1,1,1,0
1,0,0,0
0,0,1,0
1,1,1,1
0,0,0,0
1,1,1,1
0,0,0,0
1,1,1,1
0,1,1,0
0,0,0,0
0,0,0,1
1,1,1,1
1,1,1,1
0,0,0,0
0,0,1,0
1,0,1,1
1,1,1,1
1,1,1,1
1,1,1,1
1,1,1,1
1,1,1,1
0,1,1,1
1,1,1,1
1,1,1,1
0,0,0,0
1,1,0,1
0,0,1,1
1,1,1,1
1,0,0,1
0,0,0,0
0,0,0,0
1,1,1,1
0,0,0,0
0,0,0,1
0,0,1,0
1,1,1,1
1,1,1,1
1,0,0,0
1,1,1,1
0,0,0,0
0,1,0,1
0,0,0,0
0,0,0,0
1,1,1,1
1,0,0,0
0,0,0,0
1,0,1,0
0,0,0,0
1,0,1,0
1,1,1,1
1,0,0,1
0,0,1,1
0,1,1,1
1,1,1,1
0,0,0,0
0,0,0,0
0,0,0,0
0,0,0,1
1,1,1,1
1,1,1,1
1,1,1,1
1,0,0,0
1,1,1,1
0,0,0,0
0,0,0,0
0,0,0,1
1,1,1,1
0,1,1,0
1,1,1,1
1,1,1,1
0,1,1,1
0,0,0,0
0,0,0,0
1,1,1,1
1,1,1,1
0,0,0,0
1,1,1,1
1,0,0,0
1,1,1,1
0,0,0,0
1,1,1,1
0,0,0,1
0,0,0,0
0,0,0,0
0,0,0,0
1,0,0,1
0,0,0,0
1,1,1,1
0,0,0,0
1,0,0,0
1,1,1,1
1,1,1,1
1,1,1,1
0,1,1,1
0,0,0,1
1,1,1,1
1,1,1,1
0,0,0,0
1,1,1,1
0,1,1,0
1,1,1,1
1,1,1,1
0,1,1,1
1,1,1,1
1,1,1,1
0,0,0,1
1,1,1,1
1,1,1,1
0,0,0,0
1,0,1,0
0,0,0,0
0,0,0,0
1,0,0,0
0,0,1,1
0,0,0,0
1,1,1,1
1,0,0,0
1,1,1,0
1,1,1,1
0,0,0,0
1,1,1,1
0,0,0,0
0,0,0,0
1,0,1,1
0,0,0,0
0,0,0,0
1,1,1,1
0,0,0,0
0,0,0,1
0,0,0,1
1,0,0,1
1,1,1,1
0,0,0,0
0,1,1,1
0,0,0,0
0,0,0,0
0,1,1,0
0,0,0,0
0,0,0,0
1,1,1,1
1,1,1,1
0,1,1,0
0,1,1,1
1,1,1,1
1,1,1,1
1,0,0,0
0,0,0,0
1,1,1,1
1,1,1,1
0,0,0,0
1,0,0,0
1,1,1,1
0,1,1,1
1,0,1,1
0,0,0,0
1,1,1,1
1,1,1,1
1,1,0,0
1,0,1,1
0,0,1,0
1,1,1,1
0,0,0,0
0,1,1,1
1,1,1,1
1,1,1,1
1,1,1,1
0,0,0,0
1,0,0,0
1,1,1,1
0,0,0,0
0,0,0,1
0,1,1,0
0,0,0,0
1,0,0,0
0,1,1,1
0,0,0,0
0,0,0,0
1,1,1,1
0,1,0,1
0,0,0,0
0,0,0,0
1,1,1,1
1,0,1,0
0,1,0,0
0,0,0,0
0,0,0,0
1,1,1,1
1,0,0,1
0,0,0,0
0,0,0,1
1,1,0,1
0,0,0,0
0,1,1,1
1,1,1,1
0,0,0,1
1,1,1,1
1,1,1,1
0,0,0,0
1,1,1,1
1,1,1,1
1,1,1,1
1,1,1,1
0,0,0,0
0,0,0,0
1,0,1,1
1,0,0,1
0,0,0,1
1,1,1,1
0,0,0,0
1,0,0,1
1,1,1,1
0,0,0,0
1,0,0,0
1,1,1,1
0,0,0,0
1,0,0,0
0,0,0,0
1,1,1,1
0,0,0,0
1,0,0,1
1,1,1,1
0,0,0,0
0,0,0,0
1,0,0,0
0,0,0,0
1,1,1,1
1,1,1,1
1,1,1,1
1,1,1,1
0,0,0,0
0,0,0,0
0,0,0,0
0,0,0,0
1,1,1,1
0,0,0,0
0,0,0,0
0,0,0,0
1,1,1,1
0,0,0,0
1,0,0,0
1,1,1,1
1,1,0,1
0,1,1,0
0,0,0,0
1,1,1,1
0,0,1,0
0,1,1,1
1,1,1,0
1,1,0,1
0,0,0,0
1,0,0,0
0,0,0,1
0,0,0,0
0,0,0,0
0,0,0,0
0,0,1,0
0,0,1,1
1,1,1,1
1,1,1,1
1,1,1,1
0,0,0,0
1,1,1,1
1,1,1,1
0,0,0,0
1,1,1,1
0,1,1,1
0,0,1,0
0,1,1,1
0,0,0,0
0,1,1,0
0,0,0,0
1,1,1,1
0,0,0,0
1,0,0,0
0,1,1,0
1,1,1,1
0,0,0,0
1,1,1,1
1,0,0,0
1,1,1,0
0,0,0,0
1,1,1,1
0,0,0,0
0,1,1,1
1,0,0,0
0,0,0,0
0,0,0,0
1,1,1,1
0,0,0,0
0,1,1,1
1,1,1,1
1,0,0,0
1,1,1,1
1,0,1,0
0,0,0,1
1,1,1,1
0,0,0,0
0,1,1,1
0,0,0,0
0,0,0,0
1,1,1,1
0,0,0,0
0,0,0,0
0,0,0,0
1,1,1,1
0,1,1,1
0,0,0,1
1,0,0,1
0,0,0,0
1,1,1,1
0,1,1,1
1,1,1,0
0,0,0,0
1,1,1,0
1,1,1,1
1,0,0,0
0,0,0,0
1,1,1,1
1,1,1,1
1,0,0,0
1,1,1,1
0,0,0,0
1,1,1,1
0,0,0,0
1,0,0,1
0,0,0,0
0,1,1,0
0,0,1,0
1,0,0,0
1,0,0,0
0,0,0,0
1,1,0,1
1,0,0,0
0,0,1,1
0,0,0,0
1,1,1,1
1,1,1,1
0,0,1,0
0,0,0,0
1,0,0,1
0,0,0,0
0,0,0,0
0,0,0,0
1,1,1,1
0,1,1,1
1,0,0,1
1,1,1,1
1,1,1,1
0,1,1,0
1,1,1,1
0,0,0,0
1,1,1,1
1,0,1,0
1,0,1,1
0,0,0,0
0,0,0,0
0,0,0,0
1,1,1,1
1,0,1,0
1,1,1,1
1,1,1,0
1,1,1,1
0,0,0,0
1,1,1,0
0,0,0,0
0,0,0,1
1,0,0,0
0,0,0,0
0,0,0,0
1,1,1,1
0,0,1,1
0,0,0,0
1,1,1,0
0,1,1,0
1,1,1,1
0,1,1,1
0,0,0,0
0,0,0,0
0,1,1,1
1,1,1,0
0,0,0,0
1,1,1,1
1,1,1,1
0,0,0,0
0,0,0,0
1,1,1,1
0,0,0,0
0,0,1,1
0,1,1,1
1,0,0,0
0,0,0,0
1,1,1,1
0,0,0,0
1,0,1,1
1,1,1,0
1,0,0,0
0,1,1,0
1,1,1,1
1,1,1,1
1,0,0,1
0,0,0,1
0,0,0,0
1,1,1,1
1,1,1,1
1,1,1,1
0,0,0,1
1,1,1,1
1,1,1,1
1,1,1,1
1,1,1,1
0,0,0,0
1,1,1,1
1,0,0,0
0,0,0,0
1,1,1,1
1,0,0,0
0,0,0,0
0,0,0,0
1,0,0,0
1,1,1,1
0,0,0,0
1,1,1,1
1,1,1,1
0,0,0,0
1,1,1,1
1,1,1,1
1,1,0,0
0,0,0,1
1,1,1,0
0,0,0,0
0,1,1,1
0,0,0,0
0,0,0,0
1,1,1,1
1,0,0,0
0,0,0,0
0,0,1,0
1,1,1,0
1,1,1,1
1,1,1,1
1,0,0,1
0,1,1,1
0,1,1,0
0,0,0,0
0,0,0,0
1,1,1,1
1,1,1,1
0,1,1,1
0,0,0,0
0,1,1,1
0,1,1,1
1,0,0,1
1,1,1,1
0,1,1,1
1,0,1,1
0,1,1,1
0,0,0,0
0,1,1,0
1,0,0,1
0,0,0,0
1,1,0,1
0,1,1,1
0,0,0,0
0,0,0,0
1,0,1,0
0,0,0,0
0,0,0,0
0,0,0,0
0,0,1,1
0,1,1,1
0,0,0,0
0,0,0,0
0,0,0,0
1,0,0,0
1,1,1,1
1,1,1,1
0,0,0,0
1,0,0,1
1,1,1,1
0,0,0,0
0,0,0,0
0,1,1,0
1,1,0,1
1,0,0,0
0,1,0,0
1,1,1,1
0,0,0,0
1,1,1,1
1,1,1,0
0,1,0,1
1,0,0,0
0,1,1,1
0,1,1,1
1,1,1,1
0,0,0,0
0,0,0,0
0,0,0,0
1,1,0,0
1,1,1,1
0,1,1,1
0,0,0,0
0,0,0,0
1,1,1,1
1,1,1,0
0,0,0,0
1,1,1,1
1,1,1,1
1,1,1,1
0,0,0,0
1,1,1,0
1,1,1,1
0,0,0,1
1,1,1,1
1,0,0,0
1,1,1,0
0,1,1,0
1,0,0,0
1,0,0,1
1,1,1,1
0,0,0,0
0,0,0,1
0,0,0,0
1,1,1,1
0,0,0,0
1,1,1,1
1,1,1,1
1,1,1,1
0,0,0,0
1,1,1,1
1,1,1,1
1,1,1,1
0,1,1,1
1,0,0,0
1,1,1,1
0,0,0,1
1,1,1,1
0,0,0,0
1,1,1,1
1,1,1,1
0,0,0,0
0,1,0,1
0,0,1,1
1,0,0,0
0,0,0,0
0,1,1,0
0,0,0,0
0,1,1,1
0,0,0,1
0,1,1,1
1,0,0,0
0,0,0,0
1,0,1,0
1,1,1,1
0,0,0,0
1,1,1,1
1,0,0,0
0,0,0,0
1,0,1,0
0,1,1,1
0,0,0,0
0,0,0,0
0,1,1,1
1,1,1,1
0,1,1,0
1,1,1,1
0,0,0,0
1,0,0,0
1,0,1,0
1,1,1,1
1,1,1,1
0,0,0,0
1,1,1,1
1,1,1,1
1,1,1,1
0,0,0,0
0,0,0,1
1,0,0,0
1,1,1,1
0,0,0,0
0,1,1,1
0,0,0,0
1,1,1,1
0,0,0,0
0,0,0,1
0,0,0,0
0,0,1,0
0,0,1,0
0,0,0,0
0,0,0,1
0,1,1,1
0,0,1,0
0,0,0,0
1,1,1,0
0,0,0,0
0,1,1,1
1,1,1,0
0,0,0,0
1,1,1,1
0,0,0,0
0,0,0,0
1,1,1,1
0,0,0,0
0,0,0,1
1,0,0,0
0,0,0,0
0,0,0,0
1,1,1,1
0,0,0,0
1,0,0,1
1,1,1,1
1,1,1,1
1,1,1,1
0,0,0,0
0,0,0,0
0,0,0,0
1,1,1,1
0,0,0,0
1,1,1,0
1,1,1,1
1,0,0,0
1,1,1,0
0,0,0,0
1,1,1,1
1,1,1,1
1,1,1,1
1,1,1,0
0,0,0,0
0,0,0,1
0,0,0,0
1,1,1,1
0,0,0,0
0,1,1,1
1,0,0,0
1,1,1,0
1,1,1,1
0,0,0,1
1,0,0,0
1,1,1,1
0,1,1,1
0,0,0,0
0,0,0,0
0,0,0,0
0,1,1,0
0,1,1,1
0,0,0,0
1,0,0,0
0,1,1,1
1,1,1,1
0,1,1,1
0,0,0,0
1,1,1,0
1,1,1,1
0,1,1,1
0,1,1,1
1,0,0,0
1,1,1,1
1,1,1,1
0,0,0,0
1,0,0,1
0,0,0,0
0,0,0,0
0,0,0,1
1,1,1,1
1,1,1,0
0,0,0,0
0,0,0,0
1,1,1,1
1,1,1,1
1,1,1,1
1,1,1,1
1,1,1,0
0,0,0,0
0,0,0,0
1,0,0,0
0,0,0,0
1,1,1,0
1,1,1,0
0,0,0,0
0,0,0,0
0,0,0,0
1,1,1,1
1,1,1,1
0,0,1,0
0,0,0,0
1,1,1,1
0,0,0,1
0,0,0,0
0,0,0,0
1,0,0,0
0,0,0,0
1,1,1,1
0,0,0,1
0,0,0,0
1,1,1,1
1,0,0,0
1,1,1,1
0,0,0,0
1,1,1,1
1,1,1,1
1,1,0,1
0,0,0,1
0,0,1,0
1,1,1,1
0,0,0,1
0,1,1,0
1,1,1,1
0,0,0,0
1,1,1,1
0,1,0,1
1,0,0,0
1,1,1,1
0,0,0,0
0,0,0,0
1,1,1,1
1,1,1,1
0,0,0,0
1,1,1,1
1,0,0,0
1,0,0,0
0,0,0,0
0,0,0,0
0,1,1,1
1,1,1,1
0,0,0,0
1,1,1,0
1,1,1,1
1,1,1,1
0,0,0,1
1,0,0,0
0,0,1,0
0,0,0,0
1,1,1,1
0,0,0,0
0,0,0,0
0,0,0,0
1,1,1,1
0,1,1,1
0,0,0,0
1,1,1,1
1,1,1,1
0,0,0,0
0,0,0,1
0,0,0,0
1,1,1,1
0,0,0,0
0,0,0,0
1,1,1,1
1,1,1,0
0,1,1,0
1,0,1,0
0,0,0,0
0,1,1,0
0,0,0,0
1,1,1,0
1,1,1,1
0,0,0,0
0,0,0,1
1,1,1,1
1,1,1,1
0,0,0,0
0,1,0,1
0,0,0,0
1,0,0,0
0,0,0,0
1,0,1,1
1,1,1,1
0,0,0,0
0,0,0,0
0,0,1,0
0,0,0,0
0,0,0,0
0,0,0,1
0,0,0,0
0,0,0,0
0,0,0,0
1,1,1,1
1,1,1,1
0,0,0,0
0,1,1,1
1,1,1,1
0,0,1,0
0,0,0,0
0,0,0,0
0,0,1,0
1,1,1,1
0,0,0,0
0,0,0,1
1,1,0,1
1,1,1,1
0,1,1,1
0,1,0,1
0,0,0,0
1,0,0,0
0,0,0,0
0,0,0,0
1,1,1,1
0,1,1,1
1,1,1,1
0,0,0,0
1,1,1,1
1,1,1,1
0,0,0,0
0,0,0,0
0,0,0,0
0,0,1,0
1,0,0,0
0,0,0,0
0,0,0,0
1,1,1,1
1,0,0,0
1,1,1,1
1,1,1,1
1,1,1,1
0,0,0,0
1,1,1,1
1,0,0,0
0,0,0,1
1,1,1,1
0,0,0,0
1,1,1,1
0,0,1,1
1,1,1,1
0,0,0,0
0,0,0,0
1,1,1,1
0,0,0,0
1,1,1,0
0,0,0,0
1,1,1,0
0,0,1,0
0,0,0,0
1,1,1,1
0,0,0,1
1,1,1,1
1,1,1,1
0,0,0,0
0,1,1,1
1,0,0,0
1,1,1,1
1,1,1,1
0,0,0,0
0,0,0,0
0,0,0,0
1,1,1,1
0,0,0,0
1,1,1,1
1,0,0,0
0,0,0,0
0,0,0,0
1,1,1,1
0,0,0,0
0,0,1,0
1,0,0,0
0,0,0,0
0,0,0,1
1,0,1,0
1,0,0,0
1,1,1,1
1,0,0,0
1,1,1,1
1,1,1,1
0,0,0,0
0,1,1,0
1,1,1,1
0,0,0,0
1,1,1,1
1,1,1,1
0,1,1,1
0,1,0,1
0,0,1,0
1,1,1,1
0,1,1,1
1,0,0,0
0,0,0,0
1,1,1,1
1,0,0,0
1,0,1,0
1,1,1,1
1,0,0,0
0,0,0,0
0,1,1,1
0,0,1,0
0,1,0,1
1,0,0,0
0,0,0,0
1,1,1,1
1,1,1,1
0,0,0,0
1,1,1,1
0,0,0,0
0,0,0,0
1,1,1,1
1,0,0,1
1,1,1,0
1,1,1,0
0,0,1,0
0,0,1,0
0,0,0,0
1,1,1,1
1,0,0,0
0,0,0,0
1,1,1,0
0,0,1,0
0,1,1,1
0,0,0,0
1,1,1,1
1,1,1,1
1,0,1,1
0,0,0,0
0,0,1,0
1,1,1,1
1,0,0,0
0,0,0,0
0,0,0,0
0,1,1,1
1,1,1,0
1,1,1,1
1,0,1,0
0,0,0,0
0,0,1,0
0,0,0,1
1,1,1,1
0,0,0,0
1,0,1,0
1,1,1,1
0,0,0,0
0,0,0,0
1,0,1,0
1,0,0,0
0,0,0,1
1,0,0,0
0,0,0,0
1,1,1,1
1,0,0,1
1,0,1,0
0,0,0,0
1,0,0,0
0,0,0,0
1,1,1,1
1,1,1,1
0,1,0,1
0,0,0,0
1,1,1,1
0,1,0,0
1,1,1,1
0,0,0,0
1,0,1,1
0,0,0,0
1,1,1,1
1,1,1,1
0,0,0,0
1,1,1,1
1,1,1,1
1,1,1,1
0,0,0,0
0,1,0,0
0,1,0,1
0,0,1,0
1,1,1,1
0,1,1,1
1,1,1,1
0,0,0,0
1,1,1,1
1,1,1,1
1,1,1,1
0,0,0,0
1,1,1,1
1,0,0,0
0,0,0,1
1,1,1,1
1,1,1,1
0,0,0,0
1,0,0,0
0,0,0,0
1,1,1,1
1,1,1,1
1,1,1,1
0,0,0,0
0,1,1,1
0,1,1,1
0,0,0,0
0,0,0,0
1,0,0,0
1,0,1,0
0,1,1,0
0,1,1,1
1,1,1,1
0,0,0,0
0,0,1,1
1,1,1,1
0,0,0,0
0,0,0,0
0,0,0,0
0,1,1,1
1,1,1,1
1,1,1,1
0,1,1,1
1,0,0,0
1,0,0,0
0,1,0,1
1,1,1,1
1,1,1,1
0,0,0,0
0,0,0,0
1,0,0,1
1,1,1,1
1,1,1,1
1,1,1,1
1,0,0,0
1,0,0,0
0,0,0,0
0,0,0,0
1,1,1,0
0,0,0,0
0,0,0,0
0,0,0,1
0,0,0,0
1,1,1,1
1,1,1,1
1,1,1,1
0,0,0,0
0,1,1,1
1,1,1,1
1,1,1,1
1,1,1,1
0,0,0,0
1,1,1,1
1,1,1,1
1,0,1,0
1,0,1,0
1,0,0,0
0,0,0,0
0,0,0,0
1,1,1,1
0,1,1,0
0,0,0,1
0,0,0,0
0,1,0,1
0,0,0,0
0,1,1,1
1,1,1,0
0,0,0,0
0,0,0,0
0,0,0,0
1,0,0,0
1,1,0,1
0,0,0,0
1,1,1,1
1,1,1,1
1,1,1,1
1,1,1,1
1,1,1,1
1,1,1,1
0,0,1,1
0,1,1,0
1,1,1,1
1,1,1,1
1,1,1,1
0,0,0,1
0,0,0,0
1,1,1,1
1,0,0,0
0,0,0,0
1,1,1,0
1,1,1,1
0,0,0,0
0,0,0,0
1,0,0,0
0,0,0,0
1,1,1,1
0,1,1,1
1,1,1,1
1,1,1,1
1,1,1,1
1,1,1,1
1,1,1,0
1,1,1,1
1,1,1,0
1,1,1,1
0,0,0,0
0,0,0,1
1,1,0,0
1,1,1,1
1,0,1,0
1,1,1,1
0,0,0,1
0,0,0,1
0,0,0,0
0,0,0,0
0,0,0,0
1,1,1,1
1,1,1,1
0,0,0,0
0,0,0,0
0,1,1,1
0,0,1,0
0,0,0,0
0,1,1,1
0,0,0,0
0,0,1,0
0,0,0,0
0,1,1,0
1,1,1,1
1,0,1,1
0,0,0,0
0,0,0,0
1,0,1,1
0,0,0,0
0,0,0,0
1,0,0,0
1,1,1,1
0,0,0,0
0,0,0,1
0,0,0,0
1,1,1,1
1,1,0,1
1,1,1,1
0,0,0,0
1,1,1,0
1,1,1,1
0,0,0,0
0,0,0,0
1,0,1,0
0,0,0,0
1,1,1,1
1,1,1,0
1,1,1,1
0,1,1,1
0,0,0,0
1,1,1,1
0,0,0,1
0,0,0,0
0,1,1,0
1,0,0,0
0,0,0,0
0,0,0,0
0,0,0,0
0,0,0,0
0,0,0,0
1,1,1,1
1,0,1,0
0,0,0,0
0,0,1,0
1,1,1,1
0,0,0,0
1,1,1,1
1,1,1,0
1,1,1,0
0,0,0,0
1,1,1,1
0,1,1,1
1,0,0,0
0,0,0,0
0,1,0,1
1,1,1,1
0,0,0,1
1,1,1,1
1,1,1,1
1,1,1,1
1,1,1,0
1,1,1,1
1,0,1,1
1,1,1,1
0,1,1,1
1,0,1,1
0,1,1,1
1,0,0,0
1,1,1,1
0,0,0,1
0,0,0,0
1,1,1,1
1,0,0,0
0,0,0,0
1,1,1,1
1,1,1,1
1,0,0,0
1,0,1,0
1,1,1,1
0,0,0,0
1,1,1,1
0,0,0,0
1,1,1,1
0,1,1,0
0,0,0,0
0,1,0,0
0,0,0,0
0,0,0,0
1,1,1,1
1,1,1,1
0,0,0,0
0,0,0,0
1,1,1,1
1,1,1,1
0,0,1,0
0,0,0,0
0,0,0,0
1,1,1,1
0,0,0,0
0,0,0,0
1,1,1,1
1,0,1,1
1,1,1,1
0,0,0,0
1,1,1,1
0,0,0,0
1,1,1,1
0,0,0,0
0,0,0,0
1,1,1,1
1,1,1,0
1,1,1,1
0,0,0,1
1,1,1,1
0,0,0,0
0,0,0,0
0,0,0,0
1,0,0,0
0,0,0,0
1,1,1,0
0,0,0,0
0,0,0,1
0,1,1,1
0,0,0,0
1,1,1,1
0,1,0,0
1,1,0,1
1,1,1,1
0,0,0,0
1,1,1,1
0,0,0,0
1,1,1,1
0,0,0,0
1,1,1,0
0,0,0,0
0,0,0,0
0,0,0,0
0,1,1,1
0,0,0,0
1,1,1,1
0,1,0,0
0,1,1,1
1,1,0,1
0,1,0,1
1,1,1,1
1,1,1,0
0,0,0,0
1,1,1,1
1,1,1,1
0,0,0,0
1,1,1,1
1,0,1,1
1,1,1,1
1,0,0,0
0,0,0,1
0,1,1,0
1,1,0,0
1,0,1,0
0,0,0,0
0,1,1,1
0,1,1,1
0,0,0,0
1,0,0,0
1,1,1,1
1,1,1,1
0,0,0,0
1,1,0,0
1,1,1,1
0,0,0,0
0,0,0,0
1,1,0,0
0,0,0,1
1,1,1,1
0,0,0,1
1,1,1,1
0,0,0,0
0,0,0,0
1,1,1,1
1,0,0,1
0,0,0,0
0,0,0,0
1,1,1,1
0,0,0,0
1,1,0,1
0,0,0,0
0,0,1,0
0,0,0,0
0,0,0,0
1,1,1,1
0,0,0,0
1,1,1,1
0,0,0,0
0,0,0,0
0,0,1,1
0,0,0,1
1,1,1,1
0,1,1,1
0,0,0,0
1,0,1,1
1,0,1,0
0,0,0,0
0,0,0,0
0,0,1,1
0,0,0,0
0,0,0,1
1,1,1,1
0,0,0,0
0,0,0,0
0,0,0,1
0,0,0,0
0,0,0,0
1,1,1,1
1,1,1,1
1,0,1,0
1,1,1,1
1,1,1,1
1,1,1,1
0,1,0,1
1,1,1,1
0,0,1,0
1,1,1,1
0,0,0,0
0,0,1,0
1,0,1,0
1,1,1,1
0,0,0,0
0,1,1,0
1,1,1,1
1,1,1,1
1,1,1,1
1,1,1,1
1,1,1,1
0,0,0,0
1,1,1,1
0,0,0,0
1,1,1,1
0,0,1,0
0,0,0,0
1,1,1,0
0,0,0,1
1,1,1,1
0,0,0,0
0,0,0,0
1,1,1,1
1,0,0,1
1,1,0,1
0,0,1,0
0,0,0,0
1,1,1,0
1,1,1,1
1,1,1,1
1,1,1,1
1,1,1,1
0,1,1,0
1,0,0,1
1,1,1,1
1,1,1,1
0,0,0,0
1,1,1,0
1,1,1,0
0,1,1,1
1,1,1,1
1,1,1,1
1,0,0,0
1,0,0,0
1,1,1,1
1,1,1,1
1,1,1,1
1,1,1,1
1,1,1,1
0,1,1,0
0,1,1,0
1,1,1,1
0,0,0,0
0,0,0,0
1,1,1,1
1,1,1,1
0,0,0,1
1,1,1,1
1,1,1,1
1,0,1,1
0,0,0,0
0,0,0,0
1,1,1,1
0,0,0,0
1,0,0,1
1,1,1,1
0,0,0,0
1,1,1,0
0,0,0,0
0,0,1,1
1,1,1,1
1,1,1,1
1,1,1,1
0,1,1,1
1,1,1,1
1,0,0,0
0,0,0,0
0,0,0,0
0,0,0,0
1,1,1,1
1,0,0,0
0,1,1,1
1,1,1,0
1,1,1,1
1,1,1,1
1,1,1,1
0,0,0,0
0,0,0,0
1,1,1,1
0,0,0,0
1,1,1,1
1,1,1,1
1,1,1,1
0,1,1,1
0,0,0,0
1,0,1,0
1,0,0,0
1,1,1,1
0,1,1,1
0,0,0,1
1,1,1,1
0,0,0,1
1,1,1,1
1,1,0,1
1,0,1,0
1,1,1,1
1,1,1,0
1,1,1,1
1,1,1,1
0,0,0,0
1,0,0,0
1,0,1,0
1,0,0,0
0,1,1,0
0,0,0,1
0,0,0,0
0,0,0,0
1,1,1,1
0,1,1,1
1,0,0,1
1,1,1,1
1,1,1,1
1,1,1,1
0,0,0,0
0,0,0,0
1,0,0,1
0,1,1,0
1,1,1,0
0,0,0,0
0,0,0,0
0,0,0,0
1,1,1,1
0,0,0,0
0,0,0,0
1,0,0,0
0,0,0,0
0,1,1,1
0,0,0,0
0,1,1,0
1,1,1,1
1,0,1,1
0,0,0,0
1,1,1,1
1,1,1,1
0,0,0,0
0,1,1,0
1,1,1,0
1,1,1,0
1,1,1,1
0,1,1,1
1,0,0,0
1,1,1,1
1,1,1,0
1,0,0,0
1,1,1,1
0,1,0,1
1,1,1,1
1,1,1,1
0,0,0,0
0,0,0,0
0,1,1,1
1,0,0,0
1,0,1,1
0,0,0,1
0,1,0,1
1,1,1,1
0,0,0,0
0,0,0,0
0,1,1,1
0,0,0,0
0,0,0,0
1,0,1,0
1,1,1,1
1,1,1,0
1,1,0,1
0,0,0,0
0,0,0,0
0,1,1,1
1,1,1,0
0,0,1,0
1,0,1,1
1,0,1,0
1,0,1,1
1,1,1,1
0,1,1,1
0,0,0,0
0,0,0,0
0,0,0,0
0,0,0,0
1,1,1,1
0,0,0,0
0,0,0,0
0,0,0,0
1,1,1,1
0,1,0,1
1,1,1,1
0,0,0,1
1,0,0,0
1,1,1,1
1,1,1,1
0,0,1,0
1,1,1,1
1,1,1,1
0,0,0,0
1,1,1,1
0,0,0,0
1,1,1,1
0,1,1,1
1,0,0,1
1,0,0,0
1,1,1,1
0,1,0,1
0,0,1,0
1,1,1,1
0,1,1,1
0,0,0,0
1,1,1,1
1,1,1,1
0,0,0,0
1,0,1,0
1,1,1,1
1,0,0,0
0,1,1,1
1,1,1,1
1,1,1,1
1,0,0,1
1,0,0,0
1,1,1,1
0,0,0,0
0,0,0,0
0,0,1,0
1,0,0,0
1,1,1,1
0,0,0,1
0,1,1,0
0,0,0,0
0,0,1,0
1,1,1,0
0,0,0,0
1,0,0,0
0,0,1,0
1,0,0,1
0,0,0,1
1,1,1,1
1,1,1,0
0,0,0,0
1,1,1,1
0,0,0,0
0,1,1,1
0,0,0,0
0,1,1,1
1,0,1,0
1,1,1,1
0,0,0,0
0,0,1,0
0,1,0,1
0,0,0,0
1,0,0,0
1,1,1,1
1,1,1,1
1,1,1,0
0,0,0,0
0,0,0,0
1,1,1,1
0,0,0,0
1,1,1,0
0,0,0,0
0,0,0,1
1,1,1,1
0,1,1,0
1,1,1,1
0,0,0,0
0,0,0,0
0,0,0,1
0,0,0,0
1,0,0,0
1,1,1,1
1,0,0,0
0,1,1,1
1,0,0,0
0,1,1,1
1,1,1,1
0,1,0,0
1,1,1,1
0,1,1,1
0,1,1,1
1,0,0,0
1,0,0,0
1,1,1,1
0,1,1,1
0,0,0,0
0,0,0,0
1,1,1,1
0,0,0,0
0,1,1,0
0,1,0,1
1,1,1,1
0,0,1,1
1,1,1,1
0,0,0,0
0,0,0,0
0,0,0,0
0,0,0,0
0,0,0,0
1,0,0,0
0,0,0,1
1,0,0,1
1,1,1,1
1,0,0,1
0,0,0,0
1,0,0,0
1,1,1,1
1,1,1,1
0,0,0,1
1,1,1,1
0,1,1,1
0,0,0,0
1,1,0,1
1,1,1,1
1,1,1,1
0,0,0,0
0,0,0,0
0,0,0,0
1,1,1,1
0,0,0,1
1,1,1,1
1,0,0,0
1,1,1,1
0,0,0,0
0,0,0,0
0,1,1,0
0,0,0,1
0,0,0,0
1,0,0,0
1,1,1,1
0,0,0,0
1,1,1,1
0,0,0,0
1,1,1,1
0,1,1,1
0,0,1,0
1,0,1,0
1,1,1,1
0,0,0,0
0,0,0,0
0,1,1,0
0,0,0,0
1,1,1,1
1,1,1,1
0,0,0,0
0,0,0,0
1,0,1,0
1,1,1,1
1,1,1,1
0,1,1,1
1,1,0,0
0,0,0,0
0,0,0,0
0,0,0,1
1,1,1,1
1,1,1,1
1,1,1,1
0,0,0,0
1,0,0,0
1,1,1,1
0,0,0,0
1,1,1,1
1,1,1,1
0,0,0,0
1,1,1,1
0,0,0,1
1,1,1,1
0,0,0,0
0,0,0,1
0,0,0,0
0,0,0,0
1,1,1,1
1,1,1,1
0,1,1,0
0,0,0,0
0,1,1,0
0,0,0,0
1,1,1,0
0,1,1,1
1,1,1,1
1,0,1,1
0,0,0,0
0,0,0,1
0,0,0,0
1,1,1,1
1,0,0,0
1,1,1,1
1,1,1,1
1,1,1,0
0,0,0,0
1,1,1,1
0,0,1,1
0,0,1,0
1,0,0,0
0,0,0,1
1,1,1,1
1,1,1,1
0,0,0,0
1,1,1,1
0,1,1,1
0,0,0,0
0,0,0,1
0,0,0,0
0,0,0,0
0,0,0,0
1,1,1,1
1,1,1,1
0,0,0,0
1,1,1,1
1,1,1,1
0,0,0,0
1,1,1,0
0,0,0,0
0,0,0,0
1,1,1,1
0,0,0,0
0,0,0,0
1,1,1,1
1,1,1,1
0,0,0,0
1,1,1,1
0,0,0,0
0,0,1,1
0,1,1,0
0,0,0,0
1,1,1,1
0,0,0,0
1,0,0,0
1,1,1,1
0,0,0,0
1,1,1,1
0,0,0,0
1,0,0,0
1,1,1,1
0,1,1,0
0,0,0,0
0,0,0,1
1,1,1,1
1,1,1,1
0,1,1,0
0,0,0,0
0,0,0,0
1,1,1,1
1,1,1,1
1,1,1,1
1,1,1,1
1,1,1,0
1,1,1,1
0,0,0,0
0,0,0,0
0,0,0,0
0,0,0,0
0,0,0,0
1,1,1,1
0,0,0,0
1,1,1,1
0,0,1,0
1,0,0,0
1,1,1,1
1,0,0,0
1,1,1,1
0,1,1,1
1,1,1,1
0,0,0,0
1,1,1,1
0,0,0,0
1,0,0,0
1,1,1,0
0,0,0,1
0,0,0,0
0,1,0,1
0,1,1,1
0,0,0,0
0,0,1,0
1,0,1,1
0,1,1,0
1,1,1,1
1,0,0,0
1,1,1,1
1,0,0,0
0,0,0,0
0,0,0,0
0,0,0,0
1,1,1,1
0,0,0,0
0,0,0,0
1,1,1,1
0,0,0,0
1,1,1,0
0,0,0,0
1,0,0,1
0,0,0,0
0,1,1,0
0,1,0,0
1,1,1,1
0,1,1,1
0,1,1,1
0,0,0,0
1,1,1,1
0,0,1,1
0,0,0,0
1,1,1,1
1,0,0,0
1,1,1,1
0,0,0,0
0,1,1,0
0,0,0,0
1,0,0,0
0,0,0,0
1,1,1,1
1,1,1,1
1,0,1,0
0,0,0,0
1,1,1,1
0,0,1,1
0,0,0,0
0,0,0,0
0,0,0,0
1,0,0,0
1,1,0,1
1,1,1,1
0,0,0,0
0,0,0,0
1,1,1,1
0,0,1,0
1,1,1,1
0,0,0,0
0,0,0,0
0,0,0,0
1,1,1,1
0,0,0,0
1,1,1,1
0,0,0,0
0,1,1,1
1,1,1,1
0,1,1,0
0,0,1,0
1,1,1,1
1,1,1,1
0,1,1,0
1,1,1,1
0,0,0,0
1,1,1,1
0,0,0,0
1,1,1,1
1,1,1,1
1,1,1,1
1,0,0,0
1,1,1,1
1,1,1,1
1,1,1,1
1,1,1,1
0,0,0,0
1,1,1,1
1,1,1,0
0,0,0,0
1,1,1,1
0,0,0,0
0,0,0,1
0,1,1,1
0,0,0,0
0,0,0,0
1,0,0,1
1,1,0,1
0,0,0,0
1,1,1,1
0,0,0,0
0,1,1,1
0,0,0,0
0,0,0,0
1,1,1,1
0,0,0,0
0,1,0,1
1,1,1,1
1,0,0,0
0,0,0,0
0,1,1,1
1,1,1,1
0,1,1,1
0,0,0,0
0,0,1,1
0,0,0,0
1,0,0,0
1,1,1,1
0,1,1,1
1,1,0,1
0,1,1,1
0,1,1,0
1,1,1,1
1,1,1,1
1,1,1,1
1,0,0,0
0,1,1,1
1,1,1,1
1,1,1,1
1,1,1,1
1,1,1,1
1,1,1,1
1,1,1,0
0,1,0,1
1,1,1,1
0,0,0,0
0,1,1,0
1,1,1,1
0,1,1,1
0,0,0,0
1,1,1,1
0,1,1,1
0,0,0,0
0,0,0,0
0,0,0,0
1,1,1,1
1,1,1,1
0,0,0,0
1,0,1,1
1,1,1,1
1,1,1,0
1,0,1,0
0,0,0,0
1,1,1,1
1,0,0,0
0,0,0,0
0,0,0,1
1,1,1,1
1,1,1,1
0,0,0,0
0,0,0,0
0,1,1,1
0,0,0,0
1,0,0,0
1,1,1,1
0,0,0,0
0,0,0,0
0,1,1,0
0,0,0,0
1,0,0,0
0,0,0,0
0,0,0,0
1,1,1,1
0,1,1,0
0,1,1,1
0,0,0,0
0,0,0,1
1,1,1,1
1,1,1,1
0,1,1,1
0,0,0,0
1,1,1,1
0,0,0,0
1,1,1,1
0,0,0,0
0,0,0,0
1,1,1,1
1,1,1,1
1,1,1,1
0,0,0,0
0,0,0,0
0,0,1,0
0,1,1,1
0,0,0,0
0,0,0,0
0,0,0,0
1,1,1,1
1,1,1,1
0,0,0,0
1,1,1,1
0,0,0,0
0,0,0,0
0,0,0,0
0,0,0,0
0,0,0,0
1,1,1,1
0,1,1,1
1,0,0,0
1,1,1,1
0,1,1,1
0,1,1,1
1,1,1,1
0,0,0,0
1,1,1,1
1,1,1,1
1,1,1,1
1,1,1,1
1,1,1,1
1,1,1,1
1,1,1,1
1,1,1,1
1,1,1,1
0,0,0,0
1,0,0,0
1,0,1,1
0,1,1,1
0,0,0,0
0,0,0,0
0,0,0,0
0,0,0,0
1,1,1,1
1,1,1,1
0,0,0,0
0,0,0,0
1,1,1,1
0,0,0,0
1,1,1,1
0,0,0,0
1,1,1,1
1,1,1,1
0,0,0,0
1,1,1,1
1,1,1,1
0,0,0,0
0,1,0,1
1,0,0,0
0,0,0,0
1,1,1,1
0,0,0,0
0,0,0,0
0,0,0,0
0,0,0,0
1,1,1,1
1,1,1,1
0,1,1,1
1,1,1,1
0,0,0,0
0,0,0,0
0,1,1,1
0,0,0,0
0,0,0,0
0,0,0,0
0,0,0,0
0,1,1,1
1,1,1,1
1,0,1,1
1,1,1,1
0,1,1,1
1,1,1,1
1,1,1,1
1,1,1,1
1,1,1,1
0,0,0,0
0,0,0,0
1,1,1,1
0,0,0,0
0,0,0,0
0,0,0,1
1,1,1,1
0,1,1,0
0,0,0,0
1,1,1,1
0,0,0,0
0,1,1,1
1,1,1,1
0,0,0,0
0,0,0,1
1,1,1,1
1,1,0,1
0,0,0,0
1,1,1,1
1,0,0,0
0,0,0,0
0,0,0,0
0,0,0,0
0,0,0,0
0,0,0,0
0,0,0,0
0,0,0,0
1,1,1,1
0,0,0,0
1,1,1,1
1,0,0,0
1,0,0,0
1,1,1,1
1,1,1,1
1,0,0,0
0,0,0,0
1,1,1,1
0,0,0,0
0,1,1,1
1,0,0,0
1,1,1,1
1,1,1,0
0,0,0,0
1,1,1,0
1,1,1,1
0,0,0,0
0,1,1,1
1,1,1,1
0,0,0,0
1,1,1,1
0,0,0,0
1,1,1,1
0,0,1,0
1,1,1,0
1,1,1,1
0,0,0,0
0,0,0,1
1,1,1,1
1,0,0,0
0,0,0,0
1,0,0,0
1,1,1,1
1,1,1,1
1,0,1,0
0,0,0,0
1,1,1,1
0,0,0,0
1,0,1,0
1,0,0,1
0,0,0,0
0,0,0,0
0,1,1,0
1,1,1,1
1,1,1,1
0,1,1,1
1,1,1,1
0,1,1,1
1,1,1,1
0,0,0,0
1,1,1,1
0,0,0,0
1,1,1,1
0,0,0,0
0,0,0,0
1,0,1,1
1,0,1,0
0,0,0,0
0,0,0,0
1,1,1,1
0,1,1,1
1,0,0,0
0,0,0,0
0,0,0,0
1,1,1,1
0,1,1,1
1,1,1,1
0,0,0,1
0,1,1,1
1,1,1,1
1,1,1,1
0,1,1,0
1,1,1,1
1,0,0,0
0,1,1,1
0,1,1,0
0,0,0,1
1,1,1,1
1,1,1,1
0,0,0,0
1,1,1,1
0,0,0,0
0,0,0,0
1,1,1,0
1,1,1,0
1,1,1,1
1,1,1,1
0,1,1,1
1,0,1,0
1,1,1,1
1,0,0,0
0,1,1,0
1,1,1,1
1,0,0,1
0,0,0,0
0,0,0,0
1,1,1,1
0,0,1,1
0,0,0,0
1,1,1,1
1,0,0,0
1,1,1,0
1,1,1,0
1,1,1,1
0,1,0,1
1,0,0,1
1,1,1,1
1,1,1,0
0,0,0,0
1,1,1,1
1,0,0,1
1,1,1,1
0,0,0,0
0,0,0,0
1,1,1,1
0,0,1,0
0,0,0,1
0,0,0,0
1,1,1,1
0,0,0,1
1,0,0,0
0,1,1,1
0,1,1,1
1,0,0,0
0,0,0,0
1,0,1,1
0,1,1,0
0,1,1,0
1,1,1,1
1,1,1,1
0,1,0,1
1,0,0,0
1,1,1,0
0,0,0,0
0,0,0,1
0,0,0,0
1,1,1,1
0,0,0,1
0,0,0,0
1,0,0,0
1,1,1,1
0,0,0,0
1,1,1,1
0,0,0,0
0,1,0,1
1,1,1,1
0,0,0,0
0,1,1,1
1,1,1,1
1,1,1,1
0,0,0,1
0,0,0,0
0,0,1,1
1,1,1,1
1,1,1,1
0,0,0,0
1,1,1,1
0,0,0,0
1,1,1,1
1,1,1,1
1,1,1,1
1,1,1,1
1,0,0,0
1,1,1,1
0,0,0,0
0,0,0,1
0,0,0,0
0,0,0,0
1,1,1,1
1,1,1,1
0,0,1,0
0,0,0,0
1,1,1,1
0,0,0,0
1,1,1,1
1,0,1,0
1,1,1,1
1,0,1,1
0,0,0,0
1,0,0,0
1,0,0,1
0,0,0,0
0,0,0,0
0,0,0,1
1,1,1,1
1,1,1,0
0,0,0,0
1,1,1,1
0,0,0,1
1,1,1,1
1,1,1,1
0,0,0,0
0,0,0,1
0,1,1,1
1,1,1,1
0,0,0,0
0,0,0,1
1,0,0,1
1,1,1,1
1,1,1,1
1,0,0,0
1,1,1,1
0,0,0,0
1,1,1,1
1,0,0,0
0,0,0,0
1,1,1,1
0,0,0,0
0,1,1,1
1,1,1,1
1,1,1,1
1,0,0,0
1,1,1,1
0,1,1,0
0,0,0,0
1,0,0,0
1,1,1,0
1,1,1,1
0,0,0,0
1,0,0,1
0,0,0,0
1,1,0,1
0,0,0,0
0,0,1,0
1,1,1,1
1,1,1,1
0,0,0,0
0,0,0,0
0,0,0,0
0,0,0,0
0,0,0,0
1,1,1,0
0,0,0,1
1,1,1,1
1,1,1,1
1,0,0,0
0,0,0,0
1,0,0,1
1,0,0,0
0,0,0,0
0,0,0,0
0,0,0,0
0,0,0,1
0,0,0,0
0,0,0,0
0,0,0,0
1,1,1,0
0,0,0,0
1,1,1,1
0,0,0,0
1,1,1,1
1,0,0,0
0,0,0,0
0,0,0,0
1,0,0,0
1,1,1,1
1,0,0,0
0,0,0,0
1,1,1,1
1,0,0,0
1,1,1,1
1,1,1,1
0,0,1,0
1,1,1,1
1,1,1,0
1,0,0,0
1,1,1,1
1,0,0,1
1,1,1,1
0,0,0,0
1,1,1,1
0,0,0,0
0,0,0,0
0,1,1,1
1,0,0,0
0,1,1,1
1,0,0,0
0,0,0,0
1,1,1,1
1,0,1,1
1,1,1,1
1,1,1,1
0,0,0,0
1,1,1,1
0,0,0,0
0,0,0,0
1,0,1,1
1,1,1,1
1,1,1,1
1,1,1,1
0,0,0,0
0,0,0,0
0,0,0,0
0,0,0,0
0,1,1,1
1,1,1,1
0,0,0,0
1,0,1,0
1,1,1,1
0,0,0,0
1,1,1,1
0,0,0,0
0,0,0,0
0,0,0,0
1,1,1,1
1,1,1,1
0,0,0,0
0,0,0,0
0,0,0,0
0,1,1,1
0,0,0,0
1,1,1,1
1,1,1,1
1,0,0,0
0,1,1,1
0,0,0,0
0,0,0,0
1,1,1,1
0,1,1,0
1,1,1,1
1,1,1,1
0,0,0,0
0,0,1,0
0,0,0,0
0,0,0,0
1,1,1,1
1,1,1,1
1,1,1,1
0,0,0,0
1,1,1,1
1,0,0,0
1,1,1,1
0,1,1,1
1,0,1,0
0,0,0,0
0,0,0,0
0,0,0,0
0,0,0,0
0,0,0,0
0,0,0,0
1,1,1,0
1,1,1,1
0,0,1,1
0,1,1,1
0,0,0,0
0,0,0,0
1,1,1,0
0,0,0,0
1,0,0,1
1,0,1,0
1,1,1,1
1,0,1,0
0,0,0,0
1,1,1,1
0,0,0,0
0,1,1,0
1,1,1,1
0,0,0,0
1,1,1,1
0,0,0,0
1,1,1,1
0,0,0,0
1,1,1,1
1,1,1,0
0,0,0,0
0,0,1,0
1,1,1,1
0,0,0,0
0,0,0,0
1,1,1,0
0,0,0,0
0,1,1,0
0,0,0,0
1,1,1,1
0,0,0,0
1,1,1,1
0,0,0,0
1,1,1,1
1,0,0,0
0,0,0,0
1,1,1,1
1,1,1,1
0,0,0,0
1,1,1,1
0,1,1,1
0,0,0,0
1,1,1,0
1,1,1,1
1,1,1,0
1,1,1,1
0,0,1,1
0,0,0,0
1,1,1,1
1,1,1,1
1,1,0,1
0,0,0,0
0,0,0,0
1,0,1,0
0,1,1,1
1,1,1,1
0,0,0,0
0,0,0,0
1,1,1,1
0,0,0,0
1,1,1,1
1,1,1,1
1,1,1,1
1,0,1,0
0,0,0,0
1,0,1,0
0,1,1,1
0,1,1,0
0,0,0,0
0,1,1,0
0,0,0,0
0,1,1,0
0,0,1,0
1,1,1,1
1,0,1,0
0,0,0,0
1,0,0,0
0,0,0,0
1,1,0,0
1,1,1,1
0,0,0,0
0,0,0,0
1,1,1,1
0,1,1,1
1,1,1,1
1,1,1,1
0,1,1,1
0,1,1,0
0,0,1,0
1,1,1,1
1,1,1,1
0,0,1,0
0,0,0,1
0,1,1,1
0,1,1,0
0,1,1,1
1,0,0,1
1,1,1,0
1,1,1,1
0,0,0,0
1,1,1,1
0,0,0,0
0,0,0,0
1,0,0,0
0,0,0,0
1,1,1,0
1,1,1,1
1,1,1,1
1,1,1,1
0,0,0,0
1,1,1,1
1,1,1,1
1,1,1,1
1,1,1,1
1,1,1,1
0,1,1,1
1,1,1,1
0,0,0,0
1,0,0,0
1,0,1,0
1,1,1,1
1,1,1,0
1,1,1,1
0,0,0,0
1,1,1,1
1,1,1,1
0,0,0,1
1,0,1,1
0,0,0,0
1,1,1,1
0,0,0,0
1,1,1,1
0,0,0,1
0,0,0,0
0,0,0,0
1,1,1,1
0,0,0,0
0,1,1,0
0,0,0,0
1,1,1,0
1,1,1,0
1,1,1,1
0,1,1,1
1,0,1,1
0,0,0,0
1,1,1,1
1,1,1,1
1,1,0,1
0,0,0,0
1,1,1,0
0,0,1,0
1,1,1,1
0,0,0,0
1,1,1,1
1,0,0,0
1,1,1,1
1,0,0,0
1,0,0,1
1,0,0,1
1,1,1,1
1,0,0,1
0,0,0,0
1,1,1,1
0,0,0,1
1,1,1,1
1,1,1,1
1,1,1,0
0,0,0,0
0,0,0,0
1,0,0,1
1,1,1,0
1,1,1,1
0,0,0,0
1,1,1,1
0,1,1,1
1,1,1,1
1,1,1,1
0,0,0,0
1,0,0,1
1,0,0,0
0,1,1,0
1,1,1,1
0,0,0,0
0,0,0,0
1,1,1,0
1,1,1,0
0,0,0,0
0,0,0,0
0,0,0,1
0,0,0,0
1,1,1,0
0,0,0,0
0,0,0,0
1,0,1,1
1,1,1,1
1,1,1,1
0,0,1,0
1,1,1,1
1,1,1,1
1,1,1,1
0,0,0,0
0,1,1,1
0,0,0,0
1,1,1,1
0,0,0,0
1,0,0,1
1,0,1,0
1,1,1,1
1,1,1,1
0,0,0,0
0,0,0,0
0,0,0,0
1,1,0,1
0,0,0,0
0,0,0,0
1,0,0,0
0,0,0,0
0,0,0,0
0,0,0,0
0,1,1,0
1,1,1,1
0,0,0,0
1,1,1,1
1,1,1,1
0,0,0,0
0,1,1,1
0,0,0,0
1,1,1,1
1,1,1,1
1,1,1,1
0,0,0,0
1,1,1,1
0,0,0,0
1,1,1,1
1,1,1,1
0,0,0,0
0,0,0,0
0,0,1,0
1,1,1,0
0,0,0,0
0,0,0,0
0,0,0,0
1,1,1,1
0,0,0,0
0,1,1,1
1,0,1,0
0,0,0,0
1,0,0,0
0,0,0,0
1,1,1,0
1,1,1,1
1,1,1,1
1,1,1,1
1,1,1,1
0,1,1,0
0,0,0,0
1,1,1,1
1,1,1,1
0,0,0,0
1,0,0,0
1,1,1,1
1,1,1,1
0,0,0,0
0,0,0,0
1,1,1,1
0,1,1,1
1,1,1,1
1,1,1,1
1,1,1,1
0,0,0,0
1,1,1,1
0,0,0,0
1,0,0,0
1,0,1,0
1,1,1,1
0,1,1,1
1,1,1,1
1,0,0,0
0,0,0,0
1,1,1,1
0,1,0,1
1,1,1,1
1,1,1,1
1,0,0,1
0,0,0,1
1,1,1,0
0,0,1,0
0,0,0,0
1,1,1,1
0,0,0,0
1,1,1,1
1,0,0,0
0,0,0,0
0,0,0,0
1,1,1,1
0,1,1,1
0,1,1,1
0,0,1,0
0,1,1,0
0,1,1,1
1,1,1,1
0,0,1,1
0,0,0,0
0,0,0,0
1,1,1,1
0,0,0,0
1,1,1,1
1,0,0,1
0,0,0,0
1,1,1,1
1,1,0,1
0,0,0,0
1,1,1,0
0,1,1,1
0,1,1,1
1,1,1,1
0,0,0,0
0,0,0,0
1,1,1,1
1,0,0,0
1,1,1,1
0,0,0,0
1,1,1,1
0,1,1,1
0,0,0,0
1,1,1,1
1,1,1,1
0,1,1,1
1,1,1,1
1,0,1,0
0,0,0,0
0,0,0,1
0,0,0,0
0,1,1,1
0,0,0,0
0,0,0,0
1,1,1,1
1,1,1,1
1,0,0,0
0,0,0,1
1,0,1,0
1,1,1,1
0,0,0,0
0,0,0,0
0,0,0,0
1,1,1,1
0,0,0,0
0,1,1,0
1,1,1,0
1,1,1,1
0,0,0,0
1,1,1,1
1,1,1,1
1,0,0,0
0,0,0,0
1,0,0,0
0,0,0,0
1,0,0,0
0,1,1,0
1,0,1,0
0,1,1,1
0,0,0,0
1,1,1,0
1,0,1,0
0,0,0,0
0,0,0,0
0,0,0,0
1,1,1,1
1,0,0,0
1,1,1,1
1,0,0,0
0,1,1,1
1,1,1,1
1,1,1,1
0,1,1,1
1,1,0,0
1,1,1,1
1,0,0,1
0,0,0,0
1,1,1,1
1,1,1,1
0,0,1,0
0,0,0,0
1,0,1,0
1,1,1,0
1,1,1,1
1,1,1,1
1,1,1,1
1,1,1,1
0,1,1,0
1,1,1,1
0,0,0,0
1,1,1,1
1,1,1,1
0,0,0,0
0,0,0,0
0,0,0,0
1,1,1,0
0,0,0,0
0,0,0,0
1,1,1,1
0,0,0,0
0,0,0,1
0,0,0,0
0,1,1,1
0,0,0,0
1,1,1,1
0,0,0,1
0,0,0,0
1,1,1,1
0,0,0,0
0,0,0,1
1,0,1,0
1,0,0,1
1,1,1,0
0,0,0,0
1,1,1,1
1,0,0,1
0,1,1,1
0,0,1,0
1,0,0,0
0,0,0,0
0,0,1,0
1,0,1,0
0,0,0,0
0,1,1,0
0,0,0,0
1,1,1,1
1,1,1,0
1,1,1,1
0,0,0,0
0,0,0,0
1,1,1,1
1,0,0,0
1,1,1,1
1,1,1,1
0,0,0,1
1,0,0,0
0,0,0,0
0,0,0,0
1,0,0,0
0,1,1,0
1,1,1,1
1,1,1,1
1,1,1,1
0,0,0,0
1,1,1,1
0,1,1,1
0,0,1,1
1,1,1,0
0,0,0,0
1,0,0,1
0,0,0,0
0,0,0,1
1,1,1,1
1,1,1,1
1,1,1,1
1,1,1,1
0,0,1,0
1,0,0,0
0,0,0,0
1,1,1,1
0,0,0,0
0,0,0,0
0,0,0,0
1,1,1,1
0,1,1,0
0,0,0,0
1,1,1,1
1,1,1,1
0,1,1,0
0,0,0,0
1,1,1,1
1,1,1,1
0,1,1,1
1,1,1,0
0,0,0,0
1,1,1,1
0,0,1,0
1,1,1,0
0,1,1,1
1,1,1,1
1,1,1,1
0,1,1,1
1,0,0,1
0,1,0,1
0,0,0,0
1,1,1,1
1,0,0,0
0,1,1,0
1,1,1,1
1,1,1,1
0,1,1,1
1,0,0,1
1,1,1,1
1,1,1,1
1,1,1,1
0,1,1,0
1,1,1,1
1,1,1,1
1,1,1,1
1,0,0,1
0,0,0,0
1,1,1,1
1,1,1,1
0,1,1,1
0,0,0,0
0,1,1,1
1,1,1,1
1,1,1,1
1,0,1,1
1,0,1,0
0,0,0,0
1,1,1,1
0,0,0,0
0,0,1,0
1,0,1,0
0,1,1,0
0,0,0,0
1,1,1,1
0,1,1,1
1,1,1,1
1,1,1,1
0,0,0,0
1,1,1,1
1,1,1,1
1,1,1,0
0,0,0,0
1,1,1,1
0,0,0,0
1,1,1,1
0,1,1,1
1,1,1,0
0,0,0,0
0,1,1,1
0,1,1,1
0,0,0,0
0,0,1,1
1,1,1,1
0,0,0,1
0,0,0,0
0,0,0,0
1,0,0,0
0,0,0,0
1,1,1,1
1,1,1,1
0,0,0,0
1,1,1,1
0,0,0,0
1,1,1,1
1,1,1,1
0,0,0,0
1,1,1,1
1,0,0,0
0,0,0,1
0,0,0,0
1,1,1,1
0,1,1,1
1,1,1,1
0,0,0,0
1,1,1,1
1,0,0,0
0,0,0,0
0,1,1,1
1,0,0,0
1,1,1,1
1,1,1,0
0,0,0,0
0,0,0,0
0,0,0,0
1,1,1,1
0,0,0,1
0,0,0,0
1,0,0,0
1,1,1,1
1,1,1,1
0,0,0,1
0,0,0,0
1,1,1,1
0,1,1,1
0,0,0,1
0,0,0,0
1,1,1,0
1,0,1,1
1,1,1,1
1,1,1,1
0,0,0,0
1,0,1,0
0,0,0,0
1,0,1,0
0,1,1,1
0,0,0,0
0,1,1,1
1,1,1,1
1,1,1,1
1,1,1,0
1,1,1,1
1,1,1,1
0,0,0,1
0,0,0,0
0,0,0,0
1,1,1,1
1,1,1,1
0,0,0,0
1,1,1,1
1,1,0,1
1,1,1,1
1,0,1,0
1,0,0,1
0,0,0,0
0,0,1,0
1,1,1,1
1,1,1,1
1,0,1,0
0,0,0,0
1,1,1,1
1,1,1,1
0,0,0,0
1,1,1,1
1,1,1,1
0,0,0,0
1,0,0,0
0,0,0,0
1,0,0,0
0,1,1,1
0,0,0,0
1,1,1,1
1,1,1,1
0,1,1,1
1,1,1,1
1,1,1,1
1,0,1,1
1,1,1,1
0,0,1,0
1,1,1,1
1,0,0,1
1,1,1,0
0,1,1,0
0,0,0,0
1,0,1,1
0,0,0,0
0,0,1,1
1,1,1,1
0,0,1,0
1,1,1,1
1,0,0,0
1,1,1,1
0,1,1,1
0,0,0,0
1,0,1,0
1,1,1,1
1,1,1,0
1,1,1,1
0,1,1,1
0,1,0,0
0,0,0,0
0,0,0,0
0,1,0,1
0,0,0,0
0,0,0,0
1,1,1,1
1,0,0,0
0,0,0,0
0,0,0,0
1,0,1,0
1,1,1,1
0,0,0,0
1,0,0,0
1,1,1,1
1,1,0,1
0,0,1,0
0,0,0,0
0,0,0,0
0,0,0,0
1,1,1,1
0,0,0,0
0,0,0,0
1,0,0,0
1,0,0,1
1,0,0,1
1,0,0,1
1,1,1,1
1,1,1,1
1,0,1,0
0,0,0,0
0,0,0,0
0,0,0,0
0,0,1,0
1,0,0,0
0,0,0,1
1,1,1,1
1,1,1,1
1,1,1,1
0,0,0,0
1,1,1,1
0,0,0,0
0,0,0,0
1,1,1,1
1,1,1,1
1,1,1,1
0,0,0,0
1,1,1,1
0,1,1,1
0,0,0,1
1,1,1,1
0,0,0,0
1,1,1,1
1,1,1,0
1,1,1,1
0,0,0,1
0,1,1,1
1,1,1,1
0,0,0,0
0,0,0,0
0,1,0,1
1,1,1,1
1,0,1,0
1,1,1,1
1,1,1,1
1,1,1,1
1,1,1,0
0,0,0,0
0,0,0,0
0,1,0,1
0,0,0,1
1,0,0,0
1,1,1,1
0,0,0,0
1,0,1,0
1,1,1,1
0,0,0,0
1,0,0,1
1,0,0,0
0,0,1,0
0,0,0,0
1,1,1,1
0,1,1,1
0,0,0,0
0,0,0,0
0,0,0,0
0,0,0,0
1,1,1,1
1,1,1,1
1,1,1,0
1,0,0,1
1,1,1,0
1,0,1,1
0,0,0,0
0,0,0,1
1,1,1,1
1,1,1,1
1,1,1,1
0,0,0,1
0,1,1,0
0,0,0,1
0,0,0,0
0,1,1,0
1,1,1,1
0,0,0,0
1,1,1,1
0,1,1,0
1,1,1,1
1,1,1,1
0,1,0,1
0,1,0,1
1,1,1,1
1,1,1,0
0,0,0,0
1,0,0,0
0,0,0,0
0,1,1,1
0,1,1,1
0,0,0,0
0,0,0,0
1,1,1,1
0,0,0,0
1,1,1,1
1,1,0,0
1,0,0,0
0,0,0,0
0,0,0,0
1,0,0,0
1,1,1,1
1,0,0,1
0,0,0,0
0,0,1,0
1,1,1,1
0,0,0,0
0,0,0,1
1,1,1,1
0,0,0,0
0,0,0,1
0,1,1,1
1,1,1,1
0,1,1,0
1,1,1,1
0,0,0,0
0,0,0,0
1,0,0,1
1,1,1,1
0,1,1,1
0,0,0,0
0,0,1,0
1,1,1,0
0,0,0,0
1,1,1,1
0,0,0,0
1,1,1,1
1,0,1,0
0,0,0,0
0,0,0,0
1,0,1,0
0,0,0,0
0,0,0,0
0,1,1,1
0,1,1,1
1,1,1,1
1,0,1,0
1,0,1,0
0,1,1,1
0,1,1,0
1,1,1,1
1,1,1,1
1,0,0,1
0,0,0,0
0,0,0,0
1,1,1,1
0,1,1,1
0,1,1,1
1,1,1,1
1,1,1,1
1,1,1,1
1,1,1,1
0,0,0,0
0,0,1,0
0,0,0,0
1,1,1,1
0,0,0,0
1,1,0,1
1,1,1,1
0,1,1,0
1,1,1,1
0,0,0,0
1,1,1,1
0,0,0,0
1,1,1,1
0,0,0,0
0,1,1,0
1,1,1,1
0,0,0,0
0,1,1,1
0,0,0,0
0,1,1,1
0,0,0,0
0,0,0,1
0,0,0,0
1,0,1,0
1,1,1,1
0,1,1,0
1,0,1,0
1,1,1,1
1,1,1,1
1,1,1,0
1,1,1,1
1,1,1,1
1,1,1,1
1,1,1,1
1,1,1,1
1,1,1,1
1,1,1,1
1,1,1,1
0,0,0,1
0,0,0,0
1,1,1,1
1,1,1,1
1,0,0,0
0,0,0,0
1,0,0,1
1,1,1,0
0,0,0,0
1,1,1,1
0,0,0,0
0,0,0,0
0,0,0,0
1,1,1,1
1,1,1,1
0,1,1,0
1,1,1,1
0,0,0,1
1,1,1,1
1,1,1,1
0,0,0,0
1,0,0,1
1,1,1,1
0,1,1,0
1,1,1,1
0,1,1,1
0,0,0,0
0,0,0,0
1,1,1,0
1,0,0,0
0,0,1,1
0,1,1,1
0,0,0,0
0,0,0,0
0,0,0,0
1,1,1,1
0,0,0,0
1,1,1,1
0,0,0,0
0,0,1,1
1,1,1,1
1,1,1,1
0,0,0,0
0,0,0,0
1,1,1,1
1,0,0,0
1,1,1,1
1,0,0,0
0,0,0,0
0,0,0,0
0,0,0,0
0,0,0,1
0,0,0,1
1,1,1,0
0,1,1,0
1,0,0,0
1,1,1,1
0,0,0,0
1,1,1,1
1,0,0,0
0,1,1,1
1,1,1,0
0,0,0,0
1,0,0,0
1,1,1,1
1,1,1,1
0,0,0,0
0,0,0,0
1,0,1,0
1,1,1,0
1,1,1,1
1,1,1,1
1,1,0,1
1,0,0,0
1,1,1,1
1,0,0,1
1,1,1,1
0,0,0,0
0,0,0,0
1,0,1,0
1,1,1,0
0,1,1,1
0,0,0,0
0,0,0,0
0,1,1,0
0,0,0,0
0,0,0,0
0,0,0,0
0,0,0,0
0,0,0,0
0,0,0,0
0,1,1,1
0,0,0,0
0,0,0,0
1,1,1,1
1,1,1,1
1,1,1,1
1,0,0,0
0,0,0,0
1,1,1,0
1,0,0,0
0,0,0,0
1,1,1,1
1,1,1,1
0,1,1,1
1,1,1,1
0,0,0,0
0,0,0,0
0,0,0,1
1,1,1,1
0,0,0,0
0,1,1,1
0,0,0,0
1,1,1,1
0,0,0,0
1,0,0,0
1,1,1,1
0,0,0,0
0,0,0,0
0,0,0,0
1,1,1,1
1,1,1,0
0,0,0,0
1,1,1,0
0,1,1,1
1,1,1,1
0,0,0,0
0,0,0,0
1,1,1,1
0,0,0,0
0,0,0,0
1,1,1,1
0,0,0,0
0,0,0,0
1,1,1,1
0,1,1,1
1,1,1,1
1,1,1,1
1,1,1,1
1,1,1,0
0,1,1,1
0,1,0,1
0,0,0,0
1,1,1,1
1,1,1,1
1,1,1,1
0,0,1,0
1,0,0,0
1,1,1,0
1,1,1,1
0,0,0,0
0,0,0,0
1,1,1,1
1,0,0,0
0,0,0,0
1,1,1,0
0,0,0,0
0,1,1,0
0,0,0,0
0,0,1,0
1,1,1,0
1,1,0,1
1,1,1,1
1,1,1,1
0,0,0,0
0,1,1,1
0,1,1,0
1,1,1,1
1,1,1,1
0,0,0,0
1,0,0,0
0,1,1,1
1,0,0,0
0,1,1,1
1,0,0,0
1,0,0,0
0,1,1,0
1,1,1,1
1,0,0,1
1,1,1,1
1,1,1,1
1,1,1,1
0,0,0,0
1,1,1,1
0,1,1,1
0,0,0,1
1,0,0,0
0,0,0,1
0,0,0,0
1,1,1,1
0,0,0,0
1,1,1,1
1,1,1,1
0,0,0,0
0,1,1,0
1,1,1,1
1,1,1,1
0,0,1,0
1,1,1,1
0,0,0,0
0,0,0,0
1,1,1,1
0,0,0,0
0,0,0,0
0,1,1,1
0,0,0,0
0,0,0,0
0,0,0,0
1,1,1,1
1,0,0,0
0,0,0,0
0,0,0,0
1,0,0,0
0,0,1,0
0,0,0,0
1,1,1,1
1,1,1,1
0,0,0,0
0,0,0,0
1,1,1,1
1,0,0,0
1,1,1,1
1,0,0,1
0,1,1,0
1,0,1,1
1,1,1,1
0,0,0,0
0,0,0,0
0,0,0,0
1,1,1,1
0,0,0,0
1,1,1,1
0,0,0,0
1,0,0,0
1,1,1,1
0,1,1,1
1,1,1,1
1,1,1,1
0,1,1,1
0,0,0,0
0,0,0,0
0,0,0,0
0,0,0,0
0,1,1,1
1,0,1,0
0,0,0,1
1,1,1,1
0,1,1,1
1,1,1,1
1,1,1,1
0,0,0,0
1,0,1,0
0,0,0,0
0,1,0,1
0,0,0,0
1,1,1,0
0,0,0,0
0,0,0,0
1,1,1,1
1,1,1,1
0,0,0,0
0,0,0,0
0,0,0,0
0,0,0,0
1,1,1,1
0,0,0,0
1,1,1,1
1,0,0,1
0,0,0,0
1,1,1,1
1,1,1,1
1,1,1,1
0,0,0,1
0,0,0,1
0,0,0,0
1,1,1,1
0,1,1,0
1,1,1,1
0,0,0,0
1,0,0,0
0,0,0,0
1,1,1,1
0,0,0,0
1,1,1,1
1,1,1,1
0,0,0,0
1,1,1,1
0,0,0,0
1,0,0,0
0,0,0,1
1,1,1,1
1,0,1,0
1,0,1,1
0,0,0,0
1,0,0,1
1,1,1,0
0,0,1,0
1,1,1,1
0,0,0,0
1,0,0,0
0,0,0,0
1,1,1,0
0,0,0,0
0,0,0,0
1,1,1,0
0,0,0,0
0,0,0,0
0,0,0,0
1,1,1,1
0,0,0,0
0,0,0,0
0,0,0,0
0,1,1,1
1,0,0,0
1,1,1,1
1,1,1,1
1,1,1,1
0,1,1,1
1,1,1,1
1,1,1,1
0,1,1,1
1,1,1,1
1,1,1,1
1,1,1,1
0,0,0,0
0,0,0,0
0,0,0,0
1,1,1,1
0,1,1,1
1,0,1,0
0,1,1,1
1,1,1,1
1,1,1,0
0,0,1,1
0,1,1,0
1,1,1,1
0,0,0,0
1,1,1,1
0,0,0,0
0,1,1,1
1,1,1,1
0,0,0,0
0,0,0,0
1,0,1,0
0,0,0,0
1,1,1,0
1,1,1,0
1,0,0,0
0,0,0,0
0,0,0,0
1,1,1,0
1,1,1,1
1,0,0,0
1,1,1,0
0,1,1,1
1,1,1,1
0,0,0,0
1,0,0,0
1,1,1,1
1,1,1,1
1,1,1,1
0,0,0,0
0,0,0,0
1,1,1,1
1,1,1,1
1,0,0,0
1,0,0,0
0,0,0,0
1,1,1,1
0,0,0,0
1,0,0,0
0,1,1,0
0,1,1,0
1,1,1,1
0,0,0,1
1,0,1,1
1,1,1,1
0,1,1,1
0,1,1,1
0,0,0,0
0,0,0,0
1,1,1,1
1,0,1,0
1,1,1,1
1,1,1,1
0,0,0,0
1,1,1,0
0,0,0,0
1,0,0,0
0,1,1,0
0,0,0,0
0,1,1,1
1,1,1,1
1,1,1,1
1,1,1,1
0,1,1,1
1,0,1,0
0,0,0,0
0,1,1,1
0,1,0,1
1,0,1,1
0,0,0,0
0,0,0,0
1,0,1,0
1,1,1,1
0,0,0,0
1,1,1,0
1,1,1,1
1,1,1,1
0,0,0,0
0,0,0,0
0,1,1,0
1,0,0,0
0,0,0,0
1,1,1,1
1,1,1,1
1,1,1,1
1,1,1,0
1,1,1,1
1,1,0,0
0,0,1,1
1,1,1,1
0,0,0,0
0,1,1,1
0,0,0,0
0,0,0,0
1,1,1,1
1,1,1,1
1,0,0,1
1,1,1,1
0,0,1,1
0,0,0,0
1,1,1,1
1,1,1,1
0,1,1,1
0,0,0,0
0,0,0,0
1,1,1,1
0,0,0,0
1,1,1,1
0,0,1,0
0,1,1,1
1,0,0,0
0,0,0,0
1,1,1,1
1,1,1,1
0,1,1,1
0,0,0,0
0,0,0,0
0,1,1,1
0,0,0,0
0,1,0,0
0,0,0,0
1,1,1,1
0,1,0,0
0,1,1,0
0,0,0,0
0,0,1,1
1,1,1,1
1,0,0,0
0,0,0,0
1,1,1,0
1,1,1,1
1,0,0,1
0,0,0,0
1,1,1,1
1,0,0,0
0,0,1,1
0,0,0,0
1,0,0,0
0,1,1,1
0,1,0,1
0,0,0,0
1,1,1,1
1,1,1,1
0,0,0,0
1,1,1,1
0,0,0,0
1,1,1,1
0,0,0,0
1,1,1,1
1,0,0,0
0,0,0,0
1,0,0,0
1,1,1,1
0,0,0,0
1,0,0,1
0,0,0,0
0,1,1,1
0,0,0,1
0,0,0,0
0,0,0,0
0,0,0,1
1,0,0,0
0,0,0,0
1,1,1,1
0,0,0,0
0,0,1,1
0,1,1,0
1,0,1,0
1,0,1,1
1,0,0,0
0,0,0,0
0,0,0,1
0,0,0,0
1,1,1,1
0,0,0,0
1,0,1,1
1,1,1,1
1,1,1,1
1,1,1,1
1,1,1,1
1,1,1,1
0,1,1,1
1,1,1,1
0,1,1,1
0,0,0,0
1,1,1,1
1,0,0,0
0,0,0,0
0,0,0,0
1,0,1,0
0,0,0,0
1,0,0,0
1,0,0,0
0,0,0,0
0,0,0,0
0,1,1,1
1,1,1,0
0,0,0,0
1,1,1,1
0,0,0,0
0,0,0,0
0,0,0,0
0,0,0,0
0,0,0,1
0,0,0,0
0,0,0,0
1,1,1,1
0,0,0,0
0,0,0,0
1,1,1,1
0,1,1,1
1,0,0,0
1,1,1,1
1,1,1,1
0,0,0,0
0,0,0,0
1,1,1,0
0,0,0,0
0,0,0,0
0,0,0,0
0,0,0,0
0,0,0,0
0,1,1,1
1,1,1,1
1,0,0,0
0,1,0,1
0,0,0,0
1,1,1,1
0,0,0,0
1,1,1,1
1,1,1,0
1,1,1,1
1,1,1,1
0,0,0,0
1,1,1,1
0,0,0,0
1,1,1,1
1,1,1,1
0,0,0,0
0,0,0,0
1,1,1,1
1,1,1,1
1,1,1,1
0,0,0,0
1,1,1,1
1,1,1,1
0,0,0,0
0,0,0,0
1,1,1,1
1,1,1,1
1,0,1,1
0,1,1,0
0,0,0,0
1,1,1,1
1,1,1,1
1,1,1,0
1,0,1,1
1,1,1,1
1,1,1,1
0,0,0,0
0,1,1,0
0,0,0,1
0,0,0,0
1,1,1,0
1,1,1,1
1,1,1,1
1,1,1,1
0,0,0,0
1,0,0,1
1,1,1,1
1,0,0,0
0,0,0,0
1,0,0,0
1,1,1,1
0,1,1,0
1,0,0,0
0,0,0,0
0,0,0,0
1,0,0,0
0,0,0,1
1,0,0,0
1,1,1,1
0,0,0,0
1,1,1,1
1,1,1,1
1,1,1,1
1,1,0,1
0,0,0,0
1,1,1,1
0,0,0,0
0,0,0,0
1,0,0,0
1,1,1,1
0,0,0,0
0,0,0,1
0,0,0,0
1,1,1,1
0,1,1,1
0,0,0,0
0,0,0,0
0,0,0,0
1,1,1,1
1,1,1,1
0,1,1,1
0,0,0,0
0,0,0,0
0,0,0,0
0,0,0,0
1,1,1,1
0,1,1,1
0,0,0,0
1,1,1,1
0,0,0,0
0,0,0,0
0,0,0,0
0,1,1,0
0,0,0,0
1,0,0,0
1,1,0,1
0,0,0,0
0,0,0,0
0,0,0,0
0,1,1,1
0,1,1,1
1,1,1,0
0,0,0,0
0,0,0,0
1,1,1,1
0,0,0,0
1,1,1,1
0,0,0,1
1,1,1,1
0,0,0,0
1,1,1,1
1,1,1,1
0,0,0,0
0,0,0,0
1,1,1,1
0,0,0,0
0,0,0,0
1,1,1,1
0,0,0,0
1,1,1,1
1,1,1,1
1,1,1,1
1,0,1,0
1,1,1,1
